firstname,lastname,home,cell,work,email,division1,division2,ddivision
Alvaro,Hernandez,4163022827,,,alvarohernandezibanez@hotmail.com,MSA,,
Kristian,Julien,6477799886,6477799886,,kristianjulien@hotmail.com,MSA,,
Nick,Salvatore,4167239646,4167239646,,nsalvatore13@gmail.com,MSA,,
Salvador,Sanchez,,6475027798,,salvador1sanchez@gmail.com,MSA,,
Thomas,Young,4163152990,4169418383x13410,,thomas.young@ca.pwc.com,MSA,,
Yury,Vinokurov,9052083401,,,asmargroup@live.ca,MSA,,
Michael,Vyriotes,,4168858269,,mikev@abpa.ca,MSA,,
Palaniappan,Arumugam,6472617302,,,arpalaniappan19@gmail.com,MSA,,
Alex,Krivocheiko,6478848337,6478848337,,alex.kr7@gmail.com,MSA,,
Alex,Wong,6472625418,,,alexw101@gmail.com,MSA,MSB,
Boris,Rovner,,4169184296,,rboris2000@yahoo.com,MSA,MSB,
Jeff,Moskoff,,4162771418,,jeffrey.d.moskoff@ca.pwc.com,MSA,MSB,
Kevin,Caines,,,,kcaines@mail.com�,MSA,MSB,
Michael,Kochan,4165564976,,,mkochan@sutton.com,MSA,,
Nelson,Ong,,4168803611,,ong.nelson@outlook.com,MSA,,
Steven,Tarte,6477265854,,,tarte@primus.ca,MSA,,
Vadim,Birioukov,4164461983,6472306487,4169418383x63614,vadikbir@yahoo.ca,MSA,MSB,
Dmitri,Soudakov,6478395101,6478395101,6478395101,dmitri@soudakov.com,MSA,,
Robbie,Lowenstein,6476298242,6476298242,,robbielowenstein@gmail.com,MSA,,
Shay,Raiczyk,,4168345401,4166615642,shayr@mail2beauty.com,MSA,,
Peter,Tran,,4168327177,,ppt1102@gmail.com,MSA,MSB,
Bernardo,Arreaga,,6479685778,,bernardo_arreaga@yahoo.com,MSA,,
Bharat,Pardasani,,6477095840,,bharat.pardasani@gmail.com,MSA,MSB,
Josh ,Mandel,,4169049027,,joshmandel@live.com,MSA,MSB,
Taylor,Martin,6477058407,,,taylorrobertmartin@gmail.com,MSA,MSB,
Andres,Cardenas,6472993743,6472993743,,andres.cardenas@scotiabank.com,MSB,,
Adam ,Barr,4168272556,,,adamcbarr@gmail.com,MSB,,
Allan,Kaufman,4162563532,,4163641068,kaufmanbros@sympatico.ca,MSB,,
Bernard,Koszyk,,4168353700,,bernard.koszyk@gmail.com,MSB,,
Chris,Albertyn,6472236202,,,chrisalbertyn@me.com,MSB,,
Derek,Marchese,4168414254,,,derekmarchese@rogers.com,MSB,,
Don,Citron,,4168040684,,dlc@allstream.net,MSB,,
Nathan,Heinrichs,,4167086762,4167778922,neheinrichs@kpmg.ca,MSB,,
Pedro,Medeiros,6472806270,,,medeiros.pedro@ca.pwc.com,MSB,,
Sid,Kurien,6474678798,,,sid.kurien@ca.ey.com,MSB,,
William,de Groot,4169871224,4169871224,4162244658,wdegroot@kpmg.ca ,MSB,,
Pablo,Leibovici,4164826447,4167884387,,pabloleibovici@hotmail.com,MSB,,
Michael,Rosen,4373452323,,,michaelr18@gmail.com,MSB,MSC,
Chahe,Tonbazian,4164557135,4164557135,,chahetonbaz@hotmail.com,MSB,MSC,
James,Stevenson,4168990261,4168990261,,j.stevenson@mail.utoronto.ca,MSB,,
Julian,Campisi,9056164295,,,julian.campisi@gmail.com,MSB,,
Rita,Straus,6477390208,,,rita.straus@mail.utoronto.ca,MSB,WSA,
Diem,Trang Luong,5149925531,,,diemtl@yahoo.com,MSB,WSA,
Glen,Hylton,4168849739,4168849739,,hyltonglen@hotmail.com,MSB,MSC,
Stephen,Sax,6475887299,6475887299,4163132344,ssax@nhlpa.com,MSB,MSC,
Anton ,Birioukov,4165794922,4165794922,4163845993,anton.birioukov@bellmedia.ca,MSB,MSC,
Ayman,Alvi,6472678631,6472678631,4167778176,aymanalvi@kpmg.ca,MSB,MSC,
Ankit,Patel,,4168165522,,apatel1205@gmail.com,MSB,MSC,
Simon,Burke,4165141211,6475181212,,simonburke@bell.net,MSB,,
Jana,Jecmen,,6474029956,,jana.jecmen@gmail.com,MSB,,
Gaurav,Behal,6478626633,6478626633,,behalg@gmail.com,MSB,MSC,
Sergio,Fernandes,6472976286,,,sergio.fernandes@ca.pwc.com,MSB,MSC,
Gustavo,Girlado,6477743878,,,gustavogrld@gmail.com,MSB,MSC,
Ankit,Arya,,6479691423,,ankit.arya14@gmail.com,MSB,MSC,
Alex,Lupu,6472029126,6472029126,,alexlupu@rogers.com,MSB,,
Simon,Obadia,4164714437,,4169720556,sobadia@harryrosen.com,MSB,,
Ashok,Mathupandian,6477415159,,,eversamrat@yahoo.com,MSB,,
Renaldo,Ferreira,4167324742,4167324742,,vlooi021@gmail.com,MSB,,
Ivan,Riabov,6472084897,,4166878515,ivan.riabov@ca.pwc.com,MSC,,
Jeremy,Dickson,,6475019141,4164082300x535,dickson.jeremy@gmail.com,MSC,,
Samuel,Petras,6472727834,,,samuel.petras@ca.pwc.com,MSC,,
Valerio,Valenti,,6479249085,,val_valenti@yahoo.ca,MSC,,
Ian,Ringel,4167841431,4166160853,4166160853,ringel@rogers.com,MSC,MSD,
Michael,Chan,7783207171,7783207171,,micchchan@gmail.com,MSC,,
Ed,Wong,4165161101,4162069928,4162395050,ew_uni@hotmail.com,MSC,,
Paul,Fitchett,4162771208,4162771208,,paul.g.fitchett@ca.pwc.com,MSC,,
Ted,Graham,6472801214,,,ted.w.graham@ca.pwc.com,MSC,,
Braiden,Goodchild,6472857085,,,braiden.goodchild@ca.pwc.com,MSC,,
Chris,Robinson,4167801708,4167352095,,chrisrobinson@sympatico.ca,MSC,,
Bram,Aaron,4167809933,6476253679,,bram@aaron.ca,MSC,MSD,
Vincent,Jeffery-Pacheco,9052596366,,,vince.989@hotmail.com,MSC,,
Patrick,Leung,4165703677,,,p.leung@ca.pwc.com,MSC,MSD,
Sergei,Muratov,6473491878,,,sergei.muratov@gmail.com,MSC,MSD,
Hugh,Samson,6472075745,6474018974,,hugh.samson@gmail.com,MSC,,
Daniel,Kim,,4168360696,,dkim2014@outlook.com,MSC,MSD,
Evan,Hum,6472842278,,,evanhum@gmail.com,MSC,MSD,
Matt ,Hamad,6479979345,6479979345,,m.york84@yahoo.com,MSC,,
Henry,Fuz,,6475312794,,henry.l.fuz@ca.pwc.com,MSC,,
Victor,Nguyen,4165765589,,4162476251X222,NGUYEN.T.VICTOR@GMAIL.COM,MSC,MSD,
Paul,Mesbouris,4167331224,4168899234,4169325706,paul.mesbouris@gmail.com,MSC,MSD,
Brian ,Ma,,6472303992,,ma.brian@gmail.com,MSC,MSD,
Kevin,Huynh,4168547108,,,kevin3.huynh@gmail.com,MSC,MSD,
Frank,Overtheil,6472957130,6472957130,,overtheil@gmail.com,MSC,,
David,Senator,,6477200421,,dsenator@icloud.com,MSC,,
Lorne,Zeiler,4167801164,6479273580,4167333292x225,lorne@tridelta.ca,MSD,,
Jono,Schneider,4163585828,,9058895300,jono.schneider@gmail.com,MSD,,
Ha,Nguyen,,9059624242,,hastyle29@hotmail.com,MSD,,
Ed,Tubb,6478764377,,,edwardtubb@gmail.com,MSD,,
Keswick,Chan,4168580638,4168580638,,keswick.k.chan@ca.pwc.com,MSD,,
Ally,Karmali,6473280048,,,ally.z.karmali@ca.pwc.com,MSD,,
Samer,Faour,,6479893910,,samerfaour@outlook.com,MSD,,
Andrew,Worrall,4165241678,6472357695,,andrewworrall1@hotmail.com,MSD,,
Bijan,Toufighi,6476339141,,,bijan.toufighi@gmail.com,MSD,,
Nicholas,Wingrove,,4166711427,,nicholas.j.wingrove@ca.pwc.com,MSD,,
Mark,Feigenbaum,9056951269,6474492317,,mark@feigenbaumlaw.com,MSD,,
Haipei,Sun,4168355256,,,sunhaipei@hotmail.com,MSD,,
Jonathan,Tran,6472811500,,4168683785,jonathan.tran10@icloud.com,MSD,,
Monica,Hasegan,,6476068309,,mhasegan@gmail.com,WSA,,
Rosana,Ibanez,,6478607212,,rosanaiba@gmail.com,WSA,,
Ana,Sanchez,6478308527,,,asandelmo@gmail.com,WSA,MSC,
Arlene,Blatt,,4165659595,,arleneblatt@sympatico.ca,WSA,WSB,
Brigid,Burke,4167830132,,,mbburke2003@yahoo.ca,WSA,,
Cate,Leslie,,4167794920,,cate.e.leslie@ca.pwc.com,WSA,,
Ina,Kalichman,6478226005,,,ina.kalichman@gmail.com,WSA,MSC,
Joanna,Bojankiewicz,9058916606,4168330538,4169418383x13497,joanna.bojankiewicz@gmail.com,WSA,,
Kathy,McLay,,6476695571,,kathy.mclay@hotmail.com,WSA,,
Lina,Panesso,6479841206,,,lmpanesso@gmail.com,WSA,,
Marina,Spichak,4167250292,4167250292,,marina.spichak@gmail.com,WSA,MSC,
Sarah,Coran,4165202006,,,scoram@deloitte.ca,WSA,,
Jill,Jeffery,9059953613,,,jill.jeffery@hotmail.com,WSA,,
Christie,Hayos,6472781770,4169241164x3159,,christiehayos@gmail.com,WSA,,
Julia,Hayos,4167103810,,,juliathayos@gmail.com,WSA,WSB,
Susie,Sheffman,4163156737,,,ssheffman@gmail.com,WSA,WSB,
Gail,Midanik,4167839416,,4165856701,gailmidanik@gmail.com,WSA,,
Sheila,Sommerville,,6479872493,,sheila_sommerville@hotmail.com,WSA,,
Dana,Saad,4165989351,6472448979,4167778435,dsaad21@gmail.com,WSA,WSB,
Christina ,Capulli,4167204692,,,Christina.Capulli@theguarantee.com,WSA,,
Maria,Cellucci,4167298412,4167298412,,solon221@yahoo.ca,WSB,,
Laura,Ryan,6478507951,6478507951,6478507951,lrlauraryan@gmail.com,WSB,,
Ksenia,Kokareva,,4168207496,4169433914,Ksenia.Kokareva@utoronto.ca,WSB,,
Jess,Jiang,4165762263,,,jessjiang99@gmail.com,WSB,,
Joan,Tucker,4162775252,4162775252,,jtucker2827@rogers.com,WSB,,
Laura,Hafeman,6478781510,6478781510,4167778558,lhafeman@kpmg.ca,WSB,,
Debbie,Mendelson,6472870145,,4167852500x2374,a.debbie329@gmail.com,WSB,,
Michelle,Champagne,6474532250,6474532250,4169418383x16001,michelle.l.champagne@gmail.com,WSB,,
Anna,Szpakowski,,4169885404,,annaszpakowski@hotmail.com,WSB,,
Norma,Escalante,,4164193965,4168427673,naescalante@aol.com,WSB,,
Luci ,Ribeiro-Morgan,4168679449,4166256808,4167773503,lribeiromorgan@kpmg.ca,WSB,,
Allison,Hayes,,4164716880,,aghayes@kpmg.ca,WSB,,
Carly,Sacks,L4J3E2,4165694021,4165694021,sackscarly@gmail.com,WSB,,
Phoebe ,Soloman,4167816678,4165009946,,phoebadillio@hotmail.com,WSB,,
Iulia,Lacau-Rodean,5197298400,5197298400,4166133121,IULIA.LACAU@OUTLOOK.COM,WSB,WSC,
Ruth,Albertyn,4167892994,6478766451,,ruth.albertyn@gmail.com,WSB,,
Yasmine,Rattigan,4165436086,,,yasmine.rattigan1@ontario.ca,WSB,WSC,
Erin,Suckling,9058686299,9058686299,6472808990,erin.suckling@gmail.com,WSB,,
Heather,Stables,4165831158,,,heather.stables@gmail.com,WSB,,
Julianna,Wu,,4168876623,,julianna.wu@ca.pwc.com,WSB,,
Susie,Cui,6475001284,6475001284,4162022470,scui@deloitte.ca,WSB,,
Tara,Athar,6472426447,6472426447,,tara.athar@ca.pwc.com,WSB,,
Katie,Snack,4168983668,,,katesnack@gmail.com,WSB,,
Ruth,Jakob,4165669627,4165669627,,ruth.jakob@gmail.com,WSB,,
Samantha,Bogdanovich,4169229189,4167352461,,samantha.bogdanovich@gmail.com,WSB,WSC,
Sheila,MacDonald,4166569949,,,sheilamac2020@gmail.com,WSB,,
Karen,Goslin,4166530633,6479850633,,karenrsw@yahoo.ca,WSB,,
Lisa,Hart,,,,lisa.hart00@gmail.com,WSB,,
Danielle,Cole,6478940128,,,danielle.t.cole@gmail.com,WSC,,
Elaine,Liao,4168807333,4168807333,,liao_elaine@hotmail.com,WSC,,
Melody,Mazloom,6474689981,,,melodymazloom@gmail.com,WSC,,
Rachel,Ryman,6479227155,6479227155,6479227155,ryman.rachel@gmail.com,WSC,,
Danielle,Fernandes,4168901558,,,daniellecfernandez@gmail.com,WSC,,
Joi,Cole,4167895583,4169309495,,joicole@rogers.com,WSC,,
Irini,Caraman,,4167071799,4169432438,irini.caraman@ca.ey.com,WSC,,
Lisa,Milligan,,4166252982,4167778743,lisa.milligan@gmail.com,WSC,,
Audrey,Choong,4162783788,,,audrey.choong@gmail.com,WSC,,
Dallas,Weaver,4165783255,,,Dallas.Weaver@ca.ey.com,WSC,,
Elyse,Karakashian,,2892421685,4169432438,elyse.karakashian@ca.ey.com,WSC,,
Lisa,Dong,,6472685989,,lisa.jydong@gmail.com,WSC,,
Maggie,Mo ,4168876698,,,maggie.mo@ca.pwc.com,WSC,,
Mahham,Saeed,6473387749,6473387749,,mahham.a.saeed@ca.pwc.com,WSC,,
Meagan,Kehl,,4167319332,,meagan.kehl@ca.pwc.com,WSC,,
Meng Ivy,Guo,6479709077,,,ivy.m.guo@gmil.com,WSC,,
Meryl,Almeida,,,,meryl.almeida@ca.pwc.com,WSC,,
Michelle,Leung,6478938900,6478938900,,mleung87@gmail.com,WSC,,
Shauna,Gutoskie,4167796555,,,shaunagutoskie@gmail.com,WSC,,
Vicki,Yow,6479707674,,,vicki.yow@gmail.com,WSC,,
Cherie,Yu,2898090096,6478342203,,cherieqwyu@gmail.com,WSC,,
Whitney,McWade,4168886707,,,whitney.mcwade@gmail.com,WSC,,
